bar,onset
1,0.9138321995464853
2,2.722902494331066
3,5.507755102040816
4,8.295691609977323
5,11.106848072562359
6,13.918004535147393
7,16.68272108843538
8,19.493877551020407
9,22.25859410430839
10,25.069750566893422
11,27.857687074829933
12,30.62240362811791
13,33.417687074829935
14,36.19827664399093
15,39.009070294784586
16,41.798820861678
17,44.58829931972789
18,47.373242630385484
19,50.161179138322
20,52.97233560090703
21,55.76027210884354
22,58.548208616780045
23,61.846984126984125
24,64.65814058956916
25,67.46140589569161
26,70.23401360544219
27,72.92907029478458
28,75.79356009070295
29,78.58920634920635
30,81.38503401360545
31,84.1750566893424
32,86.98485260770975
33,89.7772335600907
34,92.56072562358277
35,95.34866213151928
36,98.04371882086167
37,100.94775510204082
38,103.7124716553288
39,106.5004081632653
40,109.2564172335601
41,112.09950113378684
42,114.88743764172335
